Marina Anagnostopoulou-Merkouri <mam49@st-andrews.ac.uk> marinaanagno <66735004+marinaanagno@users.noreply.github.com>
Finn Buck <finneganlbuck@gmail.com> Finnegan Buck <61651823+finnbuck@users.noreply.github.com>
Stuart Burrell <stuartburrell1994@gmail.com> Stuart Burrell <stuartburrell@users.noreply.github.com>
Reinis Cirpons <rc234@st-andrews.ac.uk> reiniscirpons <43414125+reiniscirpons@users.noreply.github.com>
Reinis Cirpons <rc234@st-andrews.ac.uk> Reinis Cirpons <43414125+reiniscirpons@users.noreply.github.com>
Reinis Cirpons <rc234@st-andrews.ac.uk> reiniscirpons <rc234@st-andrews.ac.uk>
Tom Conti-Leslie <tom.contileslie@gmail.com> Tom Conti-Leslie <54725378+tomcontileslie@users.noreply.github.com>
Tom Conti-Leslie <tom.contileslie@gmail.com> Tom Conti-Leslie <tdcl@st-andrews.ac.uk>
Jan De Beule <jdebeule@cage.ugent.be>
Jan De Beule <jdebeule@cage.ugent.be> Jan De Beule <jan@debeule.eu>
Jan De Beule <jdebeule@cage.ugent.be> jdebeule <unknown>
Joseph Edwards <jde1@st-andrews.ac.uk> Joseph Edwards <80713360+Joseph-Edwards@users.noreply.github.com>
Joseph Edwards <jde1@st-andrews.ac.uk> Joe Edwards <80713360+Joseph-Edwards@users.noreply.github.com>
Joseph Edwards <jde1@st-andrews.ac.uk> Joseph Edwards <josephdavidedwards@gmail.com>
Luke Elliott <le27@st-andrews.ac.uk> Luke <le27@st-andrews.ac.uk>
Luke Elliott <le27@st-andrews.ac.uk> le27 <le27@st-andrews.ac.uk>
Max Horn <horn@mathematik.uni-kl.de> Max Horn <max@quendi.de>
Julius Jonusas <j.jonusas@gmail.com> Julius <jj252@st-andrews.ac.uk>
Julius Jonusas <j.jonusas@gmail.com> Julius <unknown>
Julius Jonusas <j.jonusas@gmail.com> jj <unknown>
Julius Jonusas <j.jonusas@gmail.com> sriubas <j.jonusas@gmail.com>
Olexandr Konovalov <obk1@st-andrews.ac.uk> Alexander Konovalov <alex-konovalov@users.noreply.github.com>
Olexandr Konovalov <obk1@st-andrews.ac.uk> Olexandr Konovalov <5751387+olexandr-konovalov@users.noreply.github.com>
Hyeokjun Kwon <hk78@st-andrews.ac.uk> <86776403+Jun2M@users.noreply.github.com>
Andrea Lee <ahwl1@st-andrews.ac.uk> baydrea <87464855+baydrea@users.noreply.github.com>
Saffron McIver <sm544@st-andrews.ac.uk> Saffron McIver <122937897+saffronmciver@users.noreply.github.com>
Saffron McIver <sm544@st-andrews.ac.uk> saffronmciver <122937897+saffronmciver@users.noreply.github.com>
James Mitchell <jdm3@st-andrews.ac.uk> <james-d-mitchell@users.noreply.github.com>
James Mitchell <jdm3@st-andrews.ac.uk> <jdm3@st-andrews.ac.uk>
James Mitchell <jdm3@st-andrews.ac.uk> James Mitchell <jdm3@st-and.ac.uk>
James Mitchell <jdm3@st-andrews.ac.uk> James D. <jdm3@st-andrews.ac.uk>
James Mitchell <jdm3@st-andrews.ac.uk> James Mitchell <james-d-mitchell@users.noreply.github.com>
Matthew Pancer <mp322@st-andrews.ac.uk> M Pancer <115101659+mpan322@users.noreply.github.com>
Daniel Pointon <dp211@st-andrews.ac.uk> <30954660+DanielPointon@users.noreply.github.com>
Markus Pfeiffer <markus.pfeiffer@morphism.de> Markus Pfeiffer <markus.pfeiffer@st-andrews.ac.uk>
Markus Pfeiffer <markus.pfeiffer@morphism.de> Markus Pfeiffer <markuspf@users.noreply.github.com>
Markus Pfeiffer <markus.pfeiffer@morphism.de> Markus Pfeiffer <markus.pfeiffer@coignear.xyz>
Lea Racine <lr217@st-andrews.ac.uk> LRacine <35891709+LRacine@users.noreply.github.com>
Lea Racine <lr217@st-andrews.ac.uk> Lea Racine <35891709+LRacine@users.noreply.github.com>
Lea Racine <lr217@st-andrews.ac.uk> Lea Racine <racine.lea@icloud.com>
Chris Russell <cr66@st-andrews.ac.uk> ChristopherRussell <cr66@st-andrews.ac.uk>
Isabella Scott <iscott@uchicago.edu> <isabellascott@8afbf1d2.st-andrews.ac.uk>
Isabella Scott <iscott@uchicago.edu> Isabella Scott <is48@st-andrews.ac.uk>
Kamran Sharma <kks4@st-andrews.ac.uk> Kamran Sharma <47451735+KamranKSharma@users.noreply.github.com>
Finn Smith <fls3@st-andrews.ac.uk> Finlay Smith <fls3@st-andrews.ac.uk>
Finn Smith <fls3@st-andrews.ac.uk> flsmith <finnishing@gmail.com>
Maria Tsalakou <mt200@st-andrews.ac.uk> Maria Tsalakou <55688065+mariatsalakou@users.noreply.github.com>
Murray Whyte <mw231@st-andrews.ac.uk> MTWhyte <42549861+MTWhyte@users.noreply.github.com>
Murray Whyte <mw231@st-andrews.ac.uk> Murray Whyte <42549861+MTWhyte@users.noreply.github.com>
Meike Weiss <weiss@art.rwth-aachen.de> MeikeWeiss <82507837+MeikeWeiss@users.noreply.github.com>
Meike Weiss <weiss@art.rwth-aachen.de> Meike Weiß <meike.weiss@rwth-aachen.de>
Wilf Wilson <gap@wilf-wilson.net> Wilf Wilson <wilf@wilf-wilson.net>
    ",
